{
  "fingerprint": {
    "timestamp_utc": "2026-05-15T19:16:29.781613+00:00",
    "system": "Darwin",
    "machine": "x86_64",
    "release": "25.4.0",
    "python": "3.13.5",
    "machdep_cpu_brand_string": "Intel(R) Core(TM) i9-9980HK CPU @ 2.40GHz",
    "hw_physicalcpu": "8",
    "hw_logicalcpu": "16",
    "hw_l1dcachesize": "32768",
    "hw_l2cachesize": "262144",
    "hw_l3cachesize": "16777216",
    "hw_memsize": "68719476736",
    "cores_physical": 8,
    "cores_logical": 16,
    "ram_gb": 64.0,
    "numba": "0.61.2",
    "numpy": "2.2.6"
  },
  "code_hash": "0fe35a3c214c2a44",
  "scenarios": {
    "E (single-combo)": {
      "v2.21 (non-FLAT, no tile)": {
        "median_s": 0.022870235959999263,
        "p25_s": 0.018716557475272566,
        "p75_s": 0.024232558498624712,
        "stdev_s": 0.0029413141217763355,
        "mod_h": 157409.8319884635,
        "runs": 5
      },
      "v2.22.4 (FLAT, no tile)": {
        "median_s": 0.026678006979636848,
        "p25_s": 0.02478229097323492,
        "p75_s": 0.02890265645692125,
        "stdev_s": 0.0021365456915619883,
        "mod_h": 134942.61406962885,
        "runs": 5
      },
      "v2.37 heuristic (default)": {
        "median_s": 0.024809584952890873,
        "p25_s": 0.024285526596941054,
        "p75_s": 0.026245065964758396,
        "stdev_s": 0.0012624670839625643,
        "mod_h": 145105.20860529426,
        "runs": 5
      },
      "v2.37 heuristic + auto-tile": {
        "median_s": 0.022923705051653087,
        "p25_s": 0.019699017982929945,
        "p75_s": 0.023817006032913923,
        "stdev_s": 0.0028544911349402172,
        "mod_h": 157042.6766479616,
        "runs": 5
      }
    },
    "F (4 combos multi-freq)": {
      "v2.21 (non-FLAT, no tile)": {
        "median_s": 0.07181036903057247,
        "p25_s": 0.07147481245920062,
        "p75_s": 0.07346698653418571,
        "stdev_s": 0.0011925548838230325,
        "mod_h": 50132.035924607764,
        "runs": 5
      },
      "v2.22.4 (FLAT, no tile)": {
        "median_s": 0.07416372699663043,
        "p25_s": 0.0683128095115535,
        "p75_s": 0.07657767651835456,
        "stdev_s": 0.004434761177273524,
        "mod_h": 48541.24982369836,
        "runs": 5
      },
      "v2.37 heuristic (default)": {
        "median_s": 0.07092371094040573,
        "p25_s": 0.06717461149673909,
        "p75_s": 0.07278421096270904,
        "stdev_s": 0.0029531367384165903,
        "mod_h": 50758.76533060899,
        "runs": 5
      },
      "v2.37 heuristic + auto-tile": {
        "median_s": 0.07576807402074337,
        "p25_s": 0.07348409650148824,
        "p75_s": 0.07695896999211982,
        "stdev_s": 0.0018533578735387723,
        "mod_h": 47513.415729881315,
        "runs": 5
      }
    },
    "B (12 combos multi-array)": {
      "v2.21 (non-FLAT, no tile)": {
        "median_s": 0.08240511396434158,
        "p25_s": 0.07863618450937793,
        "p75_s": 0.08578332501929253,
        "stdev_s": 0.0040418777909954975,
        "mod_h": 43686.60908056987,
        "runs": 5
      },
      "v2.22.4 (FLAT, no tile)": {
        "median_s": 0.09791104099713266,
        "p25_s": 0.07762723055202514,
        "p75_s": 0.10034877102589235,
        "stdev_s": 0.012195360508933556,
        "mod_h": 36768.06990649223,
        "runs": 5
      },
      "v2.37 heuristic (default)": {
        "median_s": 0.08285949705168605,
        "p25_s": 0.08211237750947475,
        "p75_s": 0.11036120197968557,
        "stdev_s": 0.015339738850014963,
        "mod_h": 43447.041414629806,
        "runs": 5
      },
      "v2.37 heuristic + auto-tile": {
        "median_s": 0.07862995099276304,
        "p25_s": 0.07707566994940862,
        "p75_s": 0.08401539496844634,
        "stdev_s": 0.004421041728762872,
        "mod_h": 45784.08042415463,
        "runs": 5
      }
    }
  }
}
