{
  "fingerprint": {
    "timestamp_utc": "2026-05-15T19:13:23.543052+00:00",
    "system": "Darwin",
    "machine": "x86_64",
    "release": "25.4.0",
    "python": "3.13.5",
    "machdep_cpu_brand_string": "Intel(R) Core(TM) i9-9980HK CPU @ 2.40GHz",
    "hw_physicalcpu": "8",
    "hw_logicalcpu": "16",
    "hw_l1dcachesize": "32768",
    "hw_l2cachesize": "262144",
    "hw_l3cachesize": "16777216",
    "hw_memsize": "68719476736",
    "cores_physical": 8,
    "cores_logical": 16,
    "ram_gb": 64.0,
    "numba": "0.61.2",
    "numpy": "2.2.6"
  },
  "code_hash": "d293b459abcaa0b2",
  "scenarios": {
    "E (single-combo)": {
      "v2.21 (non-FLAT, no tile)": {
        "median_s": 0.02316490700468421,
        "p25_s": 0.02195512899197638,
        "p75_s": 0.024308083578944206,
        "stdev_s": 0.0014510158963383204,
        "mod_h": 155407.48768264163,
        "runs": 5
      },
      "v2.22.4 (FLAT, no tile)": {
        "median_s": 0.024140066001564264,
        "p25_s": 0.02401876455405727,
        "p75_s": 0.025149398483335972,
        "stdev_s": 0.0008910156539276447,
        "mod_h": 149129.6668272043,
        "runs": 5
      },
      "v2.37 heuristic (default)": {
        "median_s": 0.024649193976074457,
        "p25_s": 0.024215204524807632,
        "p75_s": 0.02582530496874824,
        "stdev_s": 0.000879823737955639,
        "mod_h": 146049.40037772883,
        "runs": 5
      },
      "v2.37 heuristic + auto-tile": {
        "median_s": 0.026217997074127197,
        "p25_s": 0.02463380602421239,
        "p75_s": 0.027060377993620932,
        "stdev_s": 0.0012320078746428389,
        "mod_h": 137310.26019346845,
        "runs": 5
      }
    },
    "F (4 combos multi-freq)": {
      "v2.21 (non-FLAT, no tile)": {
        "median_s": 0.07656240707729012,
        "p25_s": 0.0736506404937245,
        "p75_s": 0.07837095245486125,
        "stdev_s": 0.0025279789027468596,
        "mod_h": 47020.46523126921,
        "runs": 5
      },
      "v2.22.4 (FLAT, no tile)": {
        "median_s": 0.07355241395998746,
        "p25_s": 0.07261192344594747,
        "p75_s": 0.07916927197948098,
        "stdev_s": 0.0037519931072918936,
        "mod_h": 48944.688640109096,
        "runs": 5
      },
      "v2.37 heuristic (default)": {
        "median_s": 0.08706305909436196,
        "p25_s": 0.08522357500623912,
        "p75_s": 0.09129208204103634,
        "stdev_s": 0.0033228191289991623,
        "mod_h": 41349.339633221425,
        "runs": 5
      },
      "v2.37 heuristic + auto-tile": {
        "median_s": 0.0910678249783814,
        "p25_s": 0.08962964348029345,
        "p75_s": 0.09356864303117618,
        "stdev_s": 0.002129661676592399,
        "mod_h": 39530.975960550335,
        "runs": 5
      }
    },
    "B (12 combos multi-array)": {
      "v2.21 (non-FLAT, no tile)": {
        "median_s": 0.08038895996287465,
        "p25_s": 0.0784190715639852,
        "p75_s": 0.08470319746993482,
        "stdev_s": 0.003955185701760878,
        "mod_h": 44782.26863069951,
        "runs": 5
      },
      "v2.22.4 (FLAT, no tile)": {
        "median_s": 0.09605773293878883,
        "p25_s": 0.09465805295621976,
        "p75_s": 0.0980323075200431,
        "stdev_s": 0.00216596371420786,
        "mod_h": 37477.46162502127,
        "runs": 5
      },
      "v2.37 heuristic (default)": {
        "median_s": 0.09095540002454072,
        "p25_s": 0.08581536199199036,
        "p75_s": 0.09855947352480143,
        "stdev_s": 0.008013982903729122,
        "mod_h": 39579.8380198282,
        "runs": 5
      },
      "v2.37 heuristic + auto-tile": {
        "median_s": 0.08105814293958247,
        "p25_s": 0.07820660644210875,
        "p75_s": 0.08716186246601865,
        "stdev_s": 0.005650121192772843,
        "mod_h": 44412.56448082332,
        "runs": 5
      }
    }
  }
}
