model_name,config,n_models,n_pos,nf,nTR,n_dip,numba_total_s,fortran_total_s,numba_ms_per_model,fortran_ms_per_model,numba_mod_h,fortran_mod_h,speedup,max_abs_err
oklahoma_3,C,3,113,2,2,1,0.04480097902705893,0.24851016997126862,14.93365967568631,82.8367233237562,241066.16048450657,43458.98600950069,5.546980788548689,0.0
oklahoma_5,C,3,145,2,2,1,0.06335611903341487,0.2503349090111442,21.118706344471622,83.4449696703814,170464.98688317597,43142.20514694263,3.9512349056468277,0.0
oklahoma_28,C,3,340,2,2,1,0.2970554049825296,0.3129937319899909,99.01846832750986,104.33124399666364,36356.85403749906,34505.483324967565,1.0536543915381669,0.0
devine_8,C,3,299,2,2,1,0.1390947150066495,0.24252552801044658,46.364905002216496,80.84184267014886,77644.93424127366,44531.39464780301,1.7435998772408607,0.0
hou_7,C,3,144,2,2,1,0.082930414006114,0.26360594702418894,27.643471335371334,87.86864900806297,130229.6645860682,40970.24411596061,3.178640191097499,0.0
viking_graben_10,C,3,1265,2,2,1,0.3840829780092463,0.22421697800746188,128.02765933641544,74.73899266915396,28118.92382208098,48167.628053753266,0.583772233723058,0.0
