model_name,config,n_models,n_pos,nf,nTR,n_dip,numba_total_s,fortran_total_s,numba_ms_per_model,fortran_ms_per_model,numba_mod_h,fortran_mod_h,speedup,max_abs_err
oklahoma_3,C,3,113,2,2,1,0.04622972599463537,0.3382580099860206,15.409908664878458,112.75266999534021,233615.92065791742,31928.29047993967,7.316894113222151,0.0
oklahoma_5,C,3,145,2,2,1,0.09498716398957185,0.34658670899807476,31.66238799652395,115.52890299935825,113699.57314638508,31161.033356475287,3.648774154749211,0.0
oklahoma_28,C,3,340,2,2,1,0.31565173499984667,0.40199252200545743,105.21724499994889,133.99750733515248,34214.92360878437,26866.17140567948,1.273531799233268,0.0
devine_8,C,3,299,2,2,1,0.17694206497981213,0.36784556301427074,58.980688326604046,122.61518767142358,61036.92754592983,29360.14753447226,2.0789039794253523,0.0
hou_7,C,3,144,2,2,1,0.10013352401438169,0.35901246400317177,33.37784133812723,119.6708213343906,107855.9863572648,30082.52103443569,3.585337353667974,0.0
viking_graben_10,C,3,1265,2,2,1,0.48139128397451714,0.3062261359882541,160.46376132483906,102.07537866275136,22434.972047752544,35268.0543257557,0.6361272964062732,0.0
